"","name","price","availability","info"
"1","A Light in the ...","£51.77","
    
    
        In stock
    
","a897fe39b1053632,Books,£51.77,£51.77,£0.00,In stock (22 available),0"
"2","Tipping the Velvet","£53.74","
    
    
        In stock
    
","90fa61229261140a,Books,£53.74,£53.74,£0.00,In stock (20 available),0"
"3","Soumission","£50.10","
    
    
        In stock
    
","6957f44c3847a760,Books,£50.10,£50.10,£0.00,In stock (20 available),0"
"4","Sharp Objects","£47.82","
    
    
        In stock
    
","e00eb4fd7b871a48,Books,£47.82,£47.82,£0.00,In stock (20 available),0"
"5","Sapiens: A Brief History ...","£54.23","
    
    
        In stock
    
","4165285e1663650f,Books,£54.23,£54.23,£0.00,In stock (20 available),0"
"6","The Requiem Red","£22.65","
    
    
        In stock
    
","f77dbf2323deb740,Books,£22.65,£22.65,£0.00,In stock (19 available),0"
"7","The Dirty Little Secrets ...","£33.34","
    
    
        In stock
    
","2597b5a345f45e1b,Books,£33.34,£33.34,£0.00,In stock (19 available),0"
"8","The Coming Woman: A ...","£17.93","
    
    
        In stock
    
","e72a5dfc7e9267b2,Books,£17.93,£17.93,£0.00,In stock (19 available),0"
"9","The Boys in the ...","£22.60","
    
    
        In stock
    
","e10e1e165dc8be4a,Books,£22.60,£22.60,£0.00,In stock (19 available),0"
"10","The Black Maria","£52.15","
    
    
        In stock
    
","1dfe412b8ac00530,Books,£52.15,£52.15,£0.00,In stock (19 available),0"
"11","Starving Hearts (Triangular Trade ...","£13.99","
    
    
        In stock
    
","0312262ecafa5a40,Books,£13.99,£13.99,£0.00,In stock (19 available),0"
"12","Shakespeare's Sonnets","£20.66","
    
    
        In stock
    
","30a7f60cd76ca58c,Books,£20.66,£20.66,£0.00,In stock (19 available),0"
"13","Set Me Free","£17.46","
    
    
        In stock
    
","ce6396b0f23f6ecc,Books,£17.46,£17.46,£0.00,In stock (19 available),0"
"14","Scott Pilgrim's Precious Little ...","£52.29","
    
    
        In stock
    
","3b1c02bac2a429e6,Books,£52.29,£52.29,£0.00,In stock (19 available),0"
"15","Rip it Up and ...","£35.02","
    
    
        In stock
    
","a34ba96d4081e6a4,Books,£35.02,£35.02,£0.00,In stock (19 available),0"
"16","Our Band Could Be ...","£57.25","
    
    
        In stock
    
","deda3e61b9514b83,Books,£57.25,£57.25,£0.00,In stock (19 available),0"
"17","Olio","£23.88","
    
    
        In stock
    
","feb7cc7701ecf901,Books,£23.88,£23.88,£0.00,In stock (19 available),0"
"18","Mesaerion: The Best Science ...","£37.59","
    
    
        In stock
    
","e30f54cea9b38190,Books,£37.59,£37.59,£0.00,In stock (19 available),0"
"19","Libertarianism for Beginners","£51.33","
    
    
        In stock
    
","a18a4f574854aced,Books,£51.33,£51.33,£0.00,In stock (19 available),0"
"20","It's Only the Himalayas","£45.17","
    
    
        In stock
    
","a22124811bfa8350,Books,£45.17,£45.17,£0.00,In stock (19 available),0"
"21","In Her Wake","£12.84","
    
    
        In stock
    
","23356462d1320d61,Books,£12.84,£12.84,£0.00,In stock (19 available),0"
"22","How Music Works","£37.32","
    
    
        In stock
    
","327f68a59745c102,Books,£37.32,£37.32,£0.00,In stock (19 available),0"
"23","Foolproof Preserving: A Guide ...","£30.52","
    
    
        In stock
    
","5674a18a29a43ced,Books,£30.52,£30.52,£0.00,In stock (19 available),0"
"24","Chase Me (Paris Nights ...","£25.27","
    
    
        In stock
    
","c2e46a2ee3b4a322,Books,£25.27,£25.27,£0.00,In stock (19 available),0"
"25","Black Dust","£34.53","
    
    
        In stock
    
","00bfed9e18bb36f3,Books,£34.53,£34.53,£0.00,In stock (19 available),0"
"26","Birdsong: A Story in ...","£54.64","
    
    
        In stock
    
","9528d0948525bf5f,Books,£54.64,£54.64,£0.00,In stock (19 available),0"
"27","America's Cradle of Quarterbacks: ...","£22.50","
    
    
        In stock
    
","c7d160c2c0de586f,Books,£22.50,£22.50,£0.00,In stock (19 available),0"
"28","Aladdin and His Wonderful ...","£53.13","
    
    
        In stock
    
","904208d6aa64b655,Books,£53.13,£53.13,£0.00,In stock (19 available),0"
"29","Worlds Elsewhere: Journeys Around ...","£40.30","
    
    
        In stock
    
","4c28def39d850cdf,Books,£40.30,£40.30,£0.00,In stock (18 available),0"
"30","Wall and Piece","£44.18","
    
    
        In stock
    
","ccd9ffa25efabdea,Books,£44.18,£44.18,£0.00,In stock (18 available),0"
"31","The Four Agreements: A ...","£17.66","
    
    
        In stock
    
","6258a1f6a6dcfe50,Books,£17.66,£17.66,£0.00,In stock (18 available),0"
"32","The Five Love Languages: ...","£31.05","
    
    
        In stock
    
","3c039985229453bf,Books,£31.05,£31.05,£0.00,In stock (18 available),0"
"33","The Elephant Tree","£23.82","
    
    
        In stock
    
","5dada2b7be26bd03,Books,£23.82,£23.82,£0.00,In stock (18 available),0"
"34","The Bear and the ...","£36.89","
    
    
        In stock
    
","9f6568e9c95f60b0,Books,£36.89,£36.89,£0.00,In stock (18 available),0"
"35","Sophie's World","£15.94","
    
    
        In stock
    
","6be3beb0793a53e7,Books,£15.94,£15.94,£0.00,In stock (18 available),0"
"36","Penny Maybe","£33.29","
    
    
        In stock
    
","668fe56b17cfcd4f,Books,£33.29,£33.29,£0.00,In stock (18 available),0"
"37","Maude (1883-1993):She Grew Up ...","£18.02","
    
    
        In stock
    
","094b269567e1c300,Books,£18.02,£18.02,£0.00,In stock (18 available),0"
"38","In a Dark, Dark ...","£19.63","
    
    
        In stock
    
","19ed25f4641d5efd,Books,£19.63,£19.63,£0.00,In stock (18 available),0"
"39","Behind Closed Doors","£52.22","
    
    
        In stock
    
","be5cc846f45496fb,Books,£52.22,£52.22,£0.00,In stock (18 available),0"
"40","You can't bury them ...","£33.63","
    
    
        In stock
    
","55f9da0c5eea2e10,Books,£33.63,£33.63,£0.00,In stock (17 available),0"
"41","Slow States of Collapse: ...","£57.31","
    
    
        In stock
    
","b4fd5943413e089a,Books,£57.31,£57.31,£0.00,In stock (17 available),0"
"42","Reasons to Stay Alive","£26.41","
    
    
        In stock
    
","c8f7f0cb1abb9cac,Books,£26.41,£26.41,£0.00,In stock (17 available),0"
"43","Private Paris (Private #10)","£47.61","
    
    
        In stock
    
","b12b89017878a60d,Books,£47.61,£47.61,£0.00,In stock (17 available),0"
"44","#HigherSelfie: Wake Up Your ...","£23.11","
    
    
        In stock
    
","c27f6e1f185b0383,Books,£23.11,£23.11,£0.00,In stock (17 available),0"
"45","Without Borders (Wanderlove #1)","£45.07","
    
    
        In stock
    
","acddfeab2a407640,Books,£45.07,£45.07,£0.00,In stock (16 available),0"
"46","When We Collided","£31.77","
    
    
        In stock
    
","3ecb690d1542c568,Books,£31.77,£31.77,£0.00,In stock (16 available),0"
"47","We Love You, Charlie ...","£50.27","
    
    
        In stock
    
","8d455c7539795d2a,Books,£50.27,£50.27,£0.00,In stock (16 available),0"
"48","Untitled Collection: Sabbath Poems ...","£14.27","
    
    
        In stock
    
","657fe5ead67a7767,Books,£14.27,£14.27,£0.00,In stock (16 available),0"
"49","Unseen City: The Majesty ...","£44.18","
    
    
        In stock
    
","d170b5a0da46380e,Books,£44.18,£44.18,£0.00,In stock (16 available),0"
"50","Unicorn Tracks","£18.78","
    
    
        In stock
    
","7ae099f3898e0209,Books,£18.78,£18.78,£0.00,In stock (16 available),0"
"51","Unbound: How Eight Technologies ...","£25.52","
    
    
        In stock
    
","9a9d6e9bc555731e,Books,£25.52,£25.52,£0.00,In stock (16 available),0"
"52","Tsubasa: WoRLD CHRoNiCLE 2 ...","£16.28","
    
    
        In stock
    
","09555be379ad9253,Books,£16.28,£16.28,£0.00,In stock (16 available),0"
"53","Throwing Rocks at the ...","£31.12","
    
    
        In stock
    
","7858914fad68493c,Books,£31.12,£31.12,£0.00,In stock (16 available),0"
"54","This One Summer","£19.49","
    
    
        In stock
    
","51653ef291ab7ddc,Books,£19.49,£19.49,£0.00,In stock (16 available),0"
"55","Thirst","£17.27","
    
    
        In stock
    
","709822d0b5bcb7f4,Books,£17.27,£17.27,£0.00,In stock (16 available),0"
"56","The Torch Is Passed: ...","£19.09","
    
    
        In stock
    
","4eed62cf5f8d8edf,Books,£19.09,£19.09,£0.00,In stock (16 available),0"
"57","The Secret of Dreadwillow ...","£56.13","
    
    
        In stock
    
","b5ea0b5dabed25a8,Books,£56.13,£56.13,£0.00,In stock (16 available),0"
"58","The Pioneer Woman Cooks: ...","£56.41","
    
    
        In stock
    
","142d767a56a9254d,Books,£56.41,£56.41,£0.00,In stock (16 available),0"
"59","The Past Never Ends","£56.50","
    
    
        In stock
    
","5ee94540d0749ea0,Books,£56.50,£56.50,£0.00,In stock (16 available),0"
"60","The Natural History of ...","£45.22","
    
    
        In stock
    
","cedf82b5086e4691,Books,£45.22,£45.22,£0.00,In stock (16 available),0"
"61","The Nameless City (The ...","£38.16","
    
    
        In stock
    
","7d385d34d12e60ff,Books,£38.16,£38.16,£0.00,In stock (16 available),0"
"62","The Murder That Never ...","£54.11","
    
    
        In stock
    
","d01ac97e2b8947c2,Books,£54.11,£54.11,£0.00,In stock (16 available),0"
"63","The Most Perfect Thing: ...","£42.96","
    
    
        In stock
    
","aadee1c326d286e3,Books,£42.96,£42.96,£0.00,In stock (16 available),0"
"64","The Mindfulness and Acceptance ...","£23.89","
    
    
        In stock
    
","31075275518532d7,Books,£23.89,£23.89,£0.00,In stock (16 available),0"
"65","The Life-Changing Magic of ...","£16.77","
    
    
        In stock
    
","0da9aa9d24677fc0,Books,£16.77,£16.77,£0.00,In stock (16 available),0"
"66","The Inefficiency Assassin: Time ...","£20.59","
    
    
        In stock
    
","8c9e6bf2467d740d,Books,£20.59,£20.59,£0.00,In stock (16 available),0"
"67","The Gutsy Girl: Escapades ...","£37.13","
    
    
        In stock
    
","acd86a5426e21ca0,Books,£37.13,£37.13,£0.00,In stock (16 available),0"
"68","The Electric Pencil: Drawings ...","£56.06","
    
    
        In stock
    
","a30b270e25489e5c,Books,£56.06,£56.06,£0.00,In stock (16 available),0"
"69","The Death of Humanity: ...","£58.11","
    
    
        In stock
    
","bd261725b99f5983,Books,£58.11,£58.11,£0.00,In stock (16 available),0"
"70","The Bulletproof Diet: Lose ...","£49.05","
    
    
        In stock
    
","43c6a960757cf559,Books,£49.05,£49.05,£0.00,In stock (16 available),0"
"71","The Art Forger","£40.76","
    
    
        In stock
    
","80cfab6bcff3a244,Books,£40.76,£40.76,£0.00,In stock (16 available),0"
"72","The Age of Genius: ...","£19.73","
    
    
        In stock
    
","a3d2a4250807f1e9,Books,£19.73,£19.73,£0.00,In stock (16 available),0"
"73","The Activist's Tao Te ...","£32.24","
    
    
        In stock
    
","7d6d2a6c0276f81b,Books,£32.24,£32.24,£0.00,In stock (16 available),0"
"74","Spark Joy: An Illustrated ...","£41.83","
    
    
        In stock
    
","87b0615b6e1f4d7b,Books,£41.83,£41.83,£0.00,In stock (16 available),0"
"75","Soul Reader","£39.58","
    
    
        In stock
    
","e6af5bf1163c1151,Books,£39.58,£39.58,£0.00,In stock (16 available),0"
"76","Security","£39.25","
    
    
        In stock
    
","6f78a0d744c35456,Books,£39.25,£39.25,£0.00,In stock (16 available),0"
"77","Saga, Volume 6 (Saga ...","£25.02","
    
    
        In stock
    
","c849f0b2f5d6a742,Books,£25.02,£25.02,£0.00,In stock (16 available),0"
"78","Saga, Volume 5 (Saga ...","£51.04","
    
    
        In stock
    
","53a3d11bb568cc8b,Books,£51.04,£51.04,£0.00,In stock (16 available),0"
"79","Reskilling America: Learning to ...","£19.83","
    
    
        In stock
    
","d7310206583a54b6,Books,£19.83,£19.83,£0.00,In stock (16 available),0"
"80","Rat Queens, Vol. 3: ...","£50.40","
    
    
        In stock
    
","c82a3e358c773c73,Books,£50.40,£50.40,£0.00,In stock (16 available),0"
"81","Princess Jellyfish 2-in-1 Omnibus, ...","£13.61","
    
    
        In stock
    
","0fa6dceead7ce47a,Books,£13.61,£13.61,£0.00,In stock (16 available),0"
"82","Princess Between Worlds (Wide-Awake ...","£13.34","
    
    
        In stock
    
","0e691eda369f4e09,Books,£13.34,£13.34,£0.00,In stock (16 available),0"
"83","Pop Gun War, Volume ...","£18.97","
    
    
        In stock
    
","e80f8e518b300dfe,Books,£18.97,£18.97,£0.00,In stock (16 available),0"
"84","Political Suicide: Missteps, Peccadilloes, ...","£36.28","
    
    
        In stock
    
","7392c0032f92d816,Books,£36.28,£36.28,£0.00,In stock (16 available),0"
"85","Patience","£10.16","
    
    
        In stock
    
","9429b4d59c537af5,Books,£10.16,£10.16,£0.00,In stock (16 available),0"
"86","Outcast, Vol. 1: A ...","£15.44","
    
    
        In stock
    
","889139b8e9c4cb36,Books,£15.44,£15.44,£0.00,In stock (16 available),0"
"87","orange: The Complete Collection ...","£48.41","
    
    
        In stock
    
","11809b1d323b3057,Books,£48.41,£48.41,£0.00,In stock (16 available),0"
"88","Online Marketing for Busy ...","£46.35","
    
    
        In stock
    
","9ffa38d3b832433a,Books,£46.35,£46.35,£0.00,In stock (16 available),0"
"89","On a Midnight Clear","£14.07","
    
    
        In stock
    
","b757c0c361e689ce,Books,£14.07,£14.07,£0.00,In stock (16 available),0"
"90","Obsidian (Lux #1)","£14.86","
    
    
        In stock
    
","3c346ab1e76ae1f6,Books,£14.86,£14.86,£0.00,In stock (16 available),0"
"91","My Paris Kitchen: Recipes ...","£33.37","
    
    
        In stock
    
","784bc2279baa878d,Books,£33.37,£33.37,£0.00,In stock (16 available),0"
"92","Masks and Shadows","£56.40","
    
    
        In stock
    
","fa9610a50a1bf149,Books,£56.40,£56.40,£0.00,In stock (16 available),0"
"93","Mama Tried: Traditional Italian ...","£14.02","
    
    
        In stock
    
","72f9d5be3472d34e,Books,£14.02,£14.02,£0.00,In stock (16 available),0"
"94","Lumberjanes, Vol. 2: Friendship ...","£46.91","
    
    
        In stock
    
","460089f796fb3f82,Books,£46.91,£46.91,£0.00,In stock (16 available),0"
"95","Lumberjanes, Vol. 1: Beware ...","£45.61","
    
    
        In stock
    
","b6ee99bcf06fc91f,Books,£45.61,£45.61,£0.00,In stock (16 available),0"
"96","Lumberjanes Vol. 3: A ...","£19.92","
    
    
        In stock
    
","57e5a4d515c8ce44,Books,£19.92,£19.92,£0.00,In stock (16 available),0"
"97","Layered: Baking, Building, and ...","£40.11","
    
    
        In stock
    
","7b75cc7f223791f4,Books,£40.11,£40.11,£0.00,In stock (16 available),0"
"98","Judo: Seven Steps to ...","£53.90","
    
    
        In stock
    
","228f74b74f3a08ae,Books,£53.90,£53.90,£0.00,In stock (16 available),0"
"99","Join","£35.67","
    
    
        In stock
    
","18ad3ed896c7ce05,Books,£35.67,£35.67,£0.00,In stock (16 available),0"
"100","In the Country We ...","£22.00","
    
    
        In stock
    
","b136b1b180ca753a,Books,£22.00,£22.00,£0.00,In stock (16 available),0"
